date,rate,prediction
1997-04-11,84.66,-205.76738775030884
1997-04-18,84.66,-199.67661115341633
1997-04-25,84.72,-195.28910825200313
1997-05-02,85.05,-202.15980783432434
1997-05-09,84.48,-193.85889038867828
1997-05-16,84.48,-198.62476897942582
1997-05-23,84.96,-195.61592450099255
1997-05-30,84.52,-196.3657852138188
1997-06-13,84.44,-197.85753273556867
1997-06-20,84.4,-195.45293351502113
1997-06-27,84.32,-201.99372506368746
1997-07-04,83.8,-193.1496881255519
1997-07-11,83.3,-189.38119278833125
1997-07-18,82.76,-189.0413598960293
1997-07-25,82.48,-185.86708639666784
1997-08-01,82.48,-185.1941910904779
1997-08-08,82.26,-185.140265300056
1997-08-15,81.85,-190.08984158896573
1997-08-22,81.38,-178.77285125111342
1997-08-29,80.15,-185.06433929368944
1997-09-05,81.79,-165.64646358219733
1997-09-12,81.2,-171.88494173383168
1997-09-26,81.68,-172.1371337368584
1997-10-03,82.0,-168.1784651268576
1997-10-10,81.49,-169.26174523055096
1997-10-17,81.57,-165.54929623875495
1997-10-24,81.93,-158.7345085667045
1997-10-31,81.61,-166.1240697864627
1997-11-07,80.02,-153.24054849319913
1997-11-14,79.53,-163.3331510017917
1997-11-21,78.32,-160.8235129677343
1997-11-28,77.9,-159.12210439417464
1997-12-05,77.12,-161.00651922231174
1997-12-12,75.72,-154.35602934578748
1997-12-19,75.5,-154.22613322080912
1997-12-26,74.425,-151.84924177884267
1998-01-02,75.67,-187.7343210538798
1998-01-09,75.5,-186.69676548336446
1998-01-16,75.58,-184.412031727719
1998-01-23,81.05,-193.82260138709984
1998-01-30,80.76,-173.95954940553708
1998-02-06,82.3,-182.64336176873718
1998-02-13,83.68,-176.59020504527479
1998-02-20,83.84,-177.30859935589086
1998-02-27,84.4,-177.7211681040465
1998-03-06,84.16,-174.51535447465034
1998-03-13,84.5,-176.44994740794078
1998-03-20,84.3,-173.7207453345655
1998-03-27,84.7,-174.46755646032847
1998-04-03,85.5,-175.47252651192304
1998-04-10,84.44,-179.8451454472999
1998-04-24,84.64,-180.96907448398332
1998-05-01,84.76,-170.8173311768242
1998-05-08,85.8,-177.6316947724452
1998-05-15,87.3,-175.56427150665132
1998-05-22,87.12,-168.64854148025069
1998-05-29,88.96,-165.31391617075843
1998-06-05,90.4,-164.45193063681194
1998-06-12,87.42,-169.5690814959957
1998-06-19,86.0,-167.2192214467878
1998-06-26,86.16,-155.74500175868496
1998-07-03,85.4,-160.8867795824679
1998-07-10,85.76,-155.07283881947643
1998-07-17,85.22,-146.88643189732483
1998-07-24,85.7,-148.84948444174296
1998-08-07,86.6,-143.48163982016825
1998-08-14,86.18,-145.27485086190887
1998-08-21,86.62,-145.59432563185146
1998-08-28,88.94,-142.5535912979458
1998-09-04,91.0,-132.00949620523858
1998-09-11,88.0,-145.1531791538443
1998-09-25,90.0,-135.24276084770895
1998-10-02,86.0,-133.88118991052664
1998-10-09,90.8,-129.75233784437143
1998-10-16,91.8,-124.94590757032933
1998-10-23,91.5,-129.76020887280345
1998-10-30,89.0,-126.94954498424107
1998-11-20,90.0,-117.77639178232045
1998-12-04,85.7,-118.77037482636268
1998-12-11,85.9,-115.84764684366121
1998-12-18,87.0,-107.98043954138308
1998-12-25,91.5,-114.10749944330581
1999-01-08,96.75,-143.62841344826563
1999-01-15,90.9,-140.6228637115941
1999-01-22,94.0,-140.2224599157044
1999-01-29,87.3,-147.9295629059945
1999-02-05,86.6,-145.7555002838945
1999-02-12,86.7,-135.94283387170037
1999-02-19,87.5,-116.92126372548086
1999-02-26,86.5,-129.9542578052645
1999-03-05,87.8,-111.38023814023188
1999-03-12,87.5,-119.21496069086959
1999-03-19,88.64,-109.35964553224437
1999-03-26,91.14,-123.9144474850624
1999-04-02,91.2,-114.03370949048218
1999-04-09,91.5,-131.35010757038293
1999-04-16,92.88,-121.75835408105064
1999-04-23,93.8,-137.6674965130013
1999-04-30,94.02,-135.19419565650253
1999-05-07,98.5,-137.502239044153
1999-05-14,105.88,-139.48682328900355
1999-05-21,105.32,-118.5612062401579
1999-05-28,99.19,-147.15895170296932
1999-06-04,97.62,-116.67689015929398
1999-06-11,97.35,-122.40239843825253
1999-06-18,98.45,-115.8682688031991
1999-06-25,101.21,-124.21527501708994
1999-07-02,101.44,-101.07681523631283
1999-07-09,101.55,-108.87323370581902
1999-07-16,101.35,-102.37511491403131
1999-07-23,101.44,-109.10473168549333
1999-07-30,99.4,-115.37936948977648
1999-08-06,100.16,-101.62523110646549
1999-08-13,97.94,-104.69782745595472
1999-08-20,97.83,-91.50278486685016
1999-08-27,98.39,-122.14287608370233
1999-09-03,97.5,-100.00208420276647
1999-09-10,95.62,-127.57267320267033
1999-09-17,94.77,-87.47060394166903
1999-09-24,94.0,-113.12828559147749
1999-10-01,94.8,-99.66391337968821
1999-10-08,94.54,-102.0775392254235
1999-10-15,95.51,-94.88853730850656
1999-10-22,95.0,-97.299786073402
1999-10-29,95.25,-84.66391105461952
1999-11-05,95.7,-84.68568590740205
1999-11-12,96.7,-92.70046834858567
1999-11-19,96.7,-96.98153404359147
1999-11-26,97.4,-94.73368954230779
1999-12-03,97.2,-89.63170507724044
1999-12-10,97.1,-91.28391108245188
1999-12-17,97.83,-84.54297840636269
1999-12-24,97.7,-81.93307461932051
1999-12-31,99.4,-86.46233846960388
2000-01-07,99.8,-124.72077910588342
2000-01-14,98.4,-134.26245583650206
2000-01-21,98.6,-140.17268039398454
2000-01-28,99.1,-126.5007858689583
2000-02-04,100.0,-123.54753288966162
2000-02-11,101.5,-123.93835861024957
2000-02-18,101.5,-114.54694483154901
2000-02-25,99.9,-121.57307186627207
2000-03-03,101.2,-117.20243718248167
2000-03-10,101.0,-118.636328274871
2000-03-17,100.85,-117.56662291420196
2000-03-24,101.3,-119.34694259507114
2000-03-31,101.3,-109.08415664010136
2000-04-07,100.9,-110.25522331905051
2000-04-14,100.93,-108.59018611932385
2000-04-21,100.8,-110.3570943651547
2000-04-28,100.5,-108.65031315003677
2000-05-05,100.1,-105.08717288279206
2000-05-12,101.5,-101.59127843361796
2000-05-19,100.5,-104.07855907109013
2000-05-26,102.25,-101.52142769495879
2000-06-02,102.25,-100.85689451789955
2000-06-09,102.8,-94.76625810857706
2000-06-16,103.2,-96.98750069273189
2000-06-23,103.45,-91.83801233065253
2000-06-30,104.75,-93.00036408962706
2000-07-07,104.6,-90.00337529211987
2000-07-14,113.0,-95.94347066416822
2000-07-21,106.35,-91.14771050855455
2000-07-28,105.5,-80.61254196090988
2000-08-04,103.1,-70.32329920092565
2000-08-11,104.5,-67.30526926097542
2000-08-18,103.6,-71.84952965271685
2000-08-25,103.35,-56.01507559261597
2000-09-01,103.4,-57.193535409334004
2000-09-08,104.0,-47.029372172299475
2000-09-15,105.5,-52.97181848117185
2000-09-22,107.7,-56.55593065285677
2000-09-29,108.2,-62.75861679717411
2000-10-06,108.0,-54.2358945570154
2000-10-13,108.0,-64.06979526181715
2000-10-20,106.5,-74.75440552915012
2000-10-27,110.0,-72.23635780364032
2000-11-10,110.2,-65.97574889268827
2000-11-17,111.8,-61.282774133435
2000-11-24,115.1,-63.98878652630776
2000-12-01,115.75,-66.35366804260053
2000-12-08,114.35,-63.91751568597198
2000-12-15,106.0,-65.3042174310151
2000-12-22,110.1,-44.45693487162214
2000-12-29,109.5,-48.276005270405165
2001-01-05,108.73,-75.55418392886139
2001-01-12,109.2,-92.38706150453538
2001-01-19,110.6,-57.73829612782208
2001-01-26,110.75,-68.3517216182214
2001-02-02,110.5,-55.836909287659864
2001-02-09,110.0,-63.323139028775586
2001-02-16,114.0,-74.2893046007892
2001-02-23,113.0,-55.98151358072232
2001-03-02,113.5,-76.86801165854729
2001-03-09,115.0,-57.769736684381826
2001-03-16,117.5,-86.0862785289305
2001-03-23,122.45,-83.3906686660809
2001-03-30,122.0,-73.31090499635553
2001-04-06,124.5,-72.51623278125095
2001-04-13,134.0,-78.18731786973018
2001-04-20,126.0,-71.981906021952
2001-04-27,114.2,-71.39000269444506
2001-05-04,119.5,-39.02446552634575
2001-05-11,113.4,-38.37466210957729
2001-05-18,110.75,-41.55098026326448
2001-05-25,114.2,-22.57498337275689
2001-06-01,112.1,-19.248811457087186
2001-06-08,112.6,-20.55700225312114
2001-06-15,111.1,4.255655565139591
2001-06-22,112.5,-7.023381010120204
2001-06-29,112.3,-18.960124592851514
2001-07-06,111.5,-7.667808002070728
2001-07-13,112.4,-18.937650113786333
2001-07-20,111.8,-16.836008152707677
2001-07-27,112.2,-49.703909062552555
2001-08-03,112.2,-40.58279424409807
2001-08-17,111.0,-31.01778288609529
2001-08-24,112.26,-50.88556622143801
2001-09-07,112.16,-44.876495585960356
2001-09-14,112.16,-41.854291427996884
2001-10-05,111.0,-33.305629305450225
2001-10-12,112.16,-42.65684873982394
2001-10-26,111.0,-28.289149092640514
2001-11-02,111.25,-31.966454405566026
2001-11-09,114.2,-32.17351137702639
2001-11-16,118.0,-17.626689723113998
2001-11-23,119.0,-20.455727810336327
2001-11-30,120.0,-35.87979732697363
2001-12-07,119.5,-29.313247365515792
2001-12-14,119.0,-33.15968284106896
2001-12-28,118.0,-24.244976068643325
2002-01-04,115.0,-70.13068292653128
2002-01-11,114.4,-63.56478677585267
2002-01-18,114.25,-45.47940822356338
2002-01-25,113.75,-59.61555890032008
2002-02-01,114.25,-51.20679490766764
2002-02-08,115.4,-49.27737001631175
2002-02-15,119.8,-44.823795794014984
2002-02-22,117.9,-42.757795784497034
2002-03-08,117.6,-42.63018406607756
2002-03-15,117.0,-44.30594049953379
2002-03-22,114.2,-40.487816835333376
2002-03-29,116.1,-36.23297860962822
2002-04-05,116.0,-32.023259043041605
2002-04-12,114.2,-36.34590859632175
2002-05-03,114.2,-28.961325440062183
2002-05-17,116.8,-29.528517956828296
2002-05-24,114.6,-24.631565725200176
2002-05-31,114.2,-34.464725051765356
2002-06-14,115.5,-23.978860371582243
2002-06-21,119.7,-24.083026718484405
2002-06-28,119.6,-18.23655606051949
2002-07-05,120.0,-14.745599875524306
2002-07-12,120.2,-8.803820274659188
2002-07-19,124.7,-20.631540530300754
2002-07-26,129.0,-20.6157831622113
2002-08-02,131.4,-22.17185533997673
2002-08-09,130.75,-20.687479259237364
2002-08-16,129.3,-22.512325190907916
2002-08-23,127.5,-22.155312661612356
2002-08-30,127.0,-25.519426349267803
2002-09-06,127.0,-19.568690629720777
2002-09-13,129.4,-10.253126145050828
2002-09-20,127.75,-8.307493197591782
2002-09-27,126.6,2.0776888209995263
2002-10-04,126.5,-8.936381536408419
2002-10-11,127.2,1.9742985654295353
2002-10-18,127.0,-9.26944477301788
2002-10-25,127.2,-3.3785772148289084
2002-11-01,126.9,-6.224603407918096
2002-11-08,127.0,3.264067280419283
2002-11-15,127.6,-8.17849153895935
2002-11-22,127.95,-0.06245283492546605
2002-11-29,127.8,0.2185330305665616
2002-12-06,128.3,4.335713049644653
2002-12-13,128.5,8.501731717627763
2002-12-20,130.2,2.892309786565022
2002-12-27,124.8,-4.063050192326955
2003-01-03,130.15,-30.416790466393365
2003-01-10,128.55,-8.48538081403575
2003-01-17,129.2,-21.546598903802533
2003-01-24,128.0,-16.737279185911632
2003-01-31,127.7,-4.065134638208406
2003-02-07,128.0,-8.223864501215246
2003-02-14,128.7,5.436765315674961
2003-02-21,128.4,-6.693587713970089
2003-02-28,127.8,3.1372213064953485
2003-03-07,128.5,2.428625407490756
2003-03-14,129.35,8.55567262656217
2003-03-21,129.4,-3.6710290042904603
2003-03-28,129.2,-5.903720788324165
2003-04-04,130.1,-19.705597902397415
2003-04-11,130.5,-12.812602198817899
2003-04-18,130.3,-13.591147918467811
2003-04-25,130.1,-13.866756926335427
2003-05-02,130.5,-11.712526901181434
2003-05-09,129.8,-8.993581698642856
2003-05-16,129.7,-9.032997300426473
2003-05-23,129.0,-7.182041195616478
2003-05-30,129.5,-5.539105032118869
2003-06-06,131.35,-2.7520851515458844
2003-06-13,131.0,1.1311643606881603
2003-06-20,130.65,-5.283387986688467
2003-06-27,129.7,6.7192097189774245
2003-07-04,129.6,3.2339024990324674
2003-07-11,129.5,8.19523023364161
2003-07-18,129.5,7.4615097117586515
2003-07-25,128.15,5.918674924588345
2003-08-01,127.9,16.4620360530555
2003-08-08,130.0,6.867345099338138
2003-08-15,129.0,25.774061922850535
2003-08-22,129.0,1.5159239458948264
2003-08-29,131.85,24.78351983473908
2003-09-12,131.15,20.778945517078625
2003-09-19,130.0,20.98690756722283
2003-09-26,130.05,22.893083420262826
2003-10-03,130.95,27.137727026395567
2003-10-10,132.65,27.52931977802109
2003-10-17,135.8,19.72186723031706
2003-10-24,135.5,29.839701719121024
2003-10-31,132.6,30.986189241970408
2003-11-07,138.65,32.67770931833769
2003-11-14,132.4,13.17868042115225
2003-11-21,143.9,40.00811805847371
2003-11-28,141.5,51.12595973689412
2003-12-05,138.9,49.3650363651995
2003-12-12,137.2,52.58193420220027
2003-12-19,136.07,64.31985632056393
2003-12-26,138.7,64.89919549702927
2004-01-02,138.9,34.79189902182196
2004-01-09,138.3,33.49959581002116
2004-01-16,137.3,40.870950870630224
2004-01-23,136.5,32.10004578844274
2004-01-30,135.0,39.330397261660835
2004-02-06,134.0,19.53339285403092
2004-02-13,136.155,37.594418148371915
2004-02-20,136.35,15.388915261524971
2004-02-27,135.4,19.977254665308863
2004-03-05,133.0,20.676899878479674
2004-03-12,132.0,13.565116261904166
2004-03-26,131.0,25.81122030204631
2004-04-02,130.0,32.93576280614133
2004-04-09,131.1,38.43640327648069
2004-04-16,135.5,30.83346478321772
2004-04-23,131.25,39.129258618716506
2004-04-30,131.5,39.16438526912373
2004-05-07,131.4,36.12778342552326
2004-05-14,131.5,48.42277966063915
2004-05-21,131.5,41.2905790054362
2004-05-28,130.5,51.286673600562665
2004-06-04,131.25,43.9157426855391
2004-06-11,131.2,51.040917316717184
2004-06-18,130.5,59.24369927013623
2004-06-25,133.25,24.721059288529887
2004-07-02,133.15,71.70346700294749
2004-07-09,134.4,31.676887267777033
2004-07-16,133.0,59.43846821230238
2004-07-23,131.5,35.183531300915604
2004-07-30,131.5,32.134606373569056
2004-08-06,131.25,48.76055741507736
2004-08-13,130.5,48.763922513927184
2004-08-20,131.25,51.917498458770524
2004-09-03,131.25,50.590610270186346
2004-09-10,132.5,50.384983405101366
2004-09-17,131.5,53.65164983588909
2004-09-24,132.25,49.12105949359227
2004-10-01,130.25,58.21877886028557
2004-10-08,130.25,62.149903560368955
2004-10-22,131.25,56.47512129209417
2004-10-29,130.25,54.06129232832626
2004-11-05,131.75,64.2347465997637
2004-11-12,131.6,66.0363197434827
2004-11-19,130.25,65.76578568807275
2004-11-26,131.6,72.55374704196566
2004-12-03,132.0,66.64620806942241
2004-12-10,132.5,73.14635030143188
2004-12-17,130.25,67.46430029470844
2004-12-24,133.2,73.0491993742773
2004-12-31,130.5,78.92647328876484
2005-01-07,131.25,36.07320842307945
2005-01-14,130.25,42.21335841064206
2005-01-21,130.5,43.29063044547513
2005-02-04,131.5,55.07058564172928
2005-02-11,132.0,48.24379331176584
2005-02-18,130.5,60.01306295533709
2005-02-25,130.0,46.09090132241107
2005-03-04,130.25,56.42765892411222
2005-03-11,132.77,50.42763842057474
2005-03-18,130.25,49.63748614497979
2005-03-25,131.1,47.71315713349338
2005-04-01,131.25,61.13322016665779
2005-04-08,130.25,55.35567366697302
2005-04-15,130.25,58.16902577102098
2005-04-22,130.25,65.07276427495839
2005-04-29,130.25,60.306891455144296
2005-05-20,133.15,70.86090264264573
2005-05-27,130.25,60.57396138931409
2005-06-10,130.5,67.96179038154105
2005-06-17,134.0,80.44160207979832
2005-06-24,131.5,62.7016481502564
2005-07-08,131.75,81.70893090433515
2005-07-15,132.0,77.95796942595354
2005-07-22,132.5,82.08235185562518
2005-07-29,136.0,84.63014428428869
2005-08-05,135.0,86.01423927746436
2005-08-12,135.5,76.60043103192987
2005-08-26,131.05,71.37084565000924
2005-09-02,133.6,87.6299297109569
2005-09-09,130.0,87.06110045450163
2005-09-16,130.3,93.33863431634109
2005-09-23,132.15,98.21640043081004
2005-09-30,128.5,94.68670805985437
2005-10-14,128.5,110.9924370288469
2005-10-21,130.75,110.23366387048031
2005-10-28,129.5,99.71456341953996
2005-11-04,130.85,117.82293061174352
2005-11-11,129.25,107.77207757842058
2005-11-18,130.55,105.60180736364543
2005-11-25,129.5,113.30361159111078
2005-12-02,128.5,103.85214586854136
2005-12-09,129.15,112.44368248179308
2005-12-16,128.0,112.80534502965136
2005-12-23,128.5,107.50641578726919
2005-12-30,130.2,118.97851960499716
2006-01-06,128.0,64.45593143487343
2006-01-13,127.0,79.4979679985845
2006-01-20,129.5,78.08649481786676
2006-01-27,128.7,82.25677851696656
2006-02-03,127.5,69.2826596505841
2006-02-10,128.75,87.66116010184783
2006-02-17,128.0,74.69927887551688
2006-02-24,127.0,84.70489790515427
2006-03-03,128.0,85.3932869331091
2006-03-10,127.35,90.99058733123542
2006-03-17,127.5,88.08167740501494
2006-03-31,127.5,87.07243082808691
2006-04-07,127.25,83.73283274061203
2006-04-14,127.5,95.64980774136035
2006-04-28,127.25,97.85539328880657
2006-05-05,127.7,85.87240531401443
2006-05-12,127.25,84.55745154359005
2006-05-19,127.5,94.4159902560794
2006-05-26,128.1,84.97387426383534
2006-06-02,128.0,95.35986667376955
2006-06-09,127.5,91.57532972743371
2006-06-23,128.1,93.50467640483674
2006-06-30,127.5,99.59759114924714
2006-07-14,127.75,104.13816259233079
2006-07-21,128.0,100.2697945817136
2006-07-28,128.2,98.51258997021142
2006-08-04,127.8,108.78063041375685
2006-08-11,127.8,105.91949891616821
2006-08-25,128.1,110.35452853274563
2006-09-01,127.75,108.80019096381704
2006-09-08,127.85,107.23210314812474
2006-09-15,127.95,114.3454677162897
2006-09-22,127.75,113.89296656774536
2006-09-29,128.0,110.69527851520098
2006-10-06,127.9,116.5276338023381
2006-10-13,127.8,116.30902285045437
2006-10-20,127.75,116.01641838017764
2006-10-27,127.9,121.8104955318411
2006-11-03,128.25,119.95631496501298
2006-11-10,128.2,121.84627364123969
2006-11-17,127.82,123.19437917369214
2006-11-24,127.8,124.97024310077794
2006-12-01,127.9,125.64410382047981
2006-12-08,128.05,126.47411242693093
2006-12-15,128.1,129.38613370101686
2006-12-22,128.0,128.54663324675988
2006-12-29,128.3,130.824357162449
2007-01-05,128.0,96.8393746342366
2007-01-12,128.02,96.6644891589334
2007-01-19,127.94,97.43893096158007
2007-01-26,127.85,98.06867020750911
2007-02-02,127.95,100.86153359912117
2007-02-09,128.0,101.42762400120165
2007-02-16,127.9,103.66076502351353
2007-02-23,128.14,102.50151984765768
2007-03-02,128.05,106.83455090649073
2007-03-09,128.2,108.20133584548574
2007-03-16,128.0,108.2373133468754
2007-03-23,128.1,110.46563283536744
2007-03-30,127.8,108.55735774215233
2007-04-06,127.8,113.272366850536
2007-04-13,127.75,113.13341620536033
2007-04-20,127.8,115.82830308474504
2007-04-27,127.15,115.67202829101439
2007-05-04,127.25,119.16168073681536
2007-05-11,127.43,120.9195074367347
2007-05-18,127.58,121.05467065571514
2007-05-25,127.4,122.47242632013666
2007-06-01,127.45,125.27531434536013
2007-06-08,127.4,126.04440240587684
2007-06-15,127.35,127.70524435961346
2007-06-22,127.25,128.2384846919482
2007-06-29,127.1,128.19807645284462
2007-07-06,127.15,131.040155541457
2007-07-13,126.8,132.42765996451507
2007-07-20,126.75,133.27576909393522
2007-07-27,126.75,134.40137846939086
2007-08-03,127.03,134.84343590728687
2007-08-10,126.93,137.71390503112204
2007-08-17,125.95,138.8323525444788
2007-08-24,126.25,141.91826193927002
2007-08-31,126.15,141.43842904434604
2007-09-07,126.05,143.21833121966768
2007-09-14,125.9,145.1139920212986
2007-09-21,125.2,146.72125746804628
2007-09-28,124.9,148.9106932279143
2007-10-05,124.3,151.98630425727885
2007-10-12,124.35,152.0066056170179
2007-10-19,123.0,155.36126439112218
2007-10-26,121.0,159.2082401878124
2007-11-02,121.15,160.70730839360908
2007-11-09,119.0,160.46697575810086
2007-11-16,119.02,163.00480848633316
2007-11-23,118.85,165.47376767899118
2007-11-30,118.7,168.10714495183691
2007-12-07,117.5,173.90772737298474
2007-12-14,117.8,174.75220731790316
2007-12-21,117.9,173.7360641008406
2007-12-28,118.2,174.0440123915081
2008-01-04,118.1,137.4678048174407
2008-01-11,118.0,140.84919667198028
2008-01-18,116.95,137.7561431319485
2008-01-25,117.65,141.1913902046724
2008-02-01,117.5,139.59124029381329
2008-02-08,117.5,138.907624549112
2008-02-15,117.51,139.78368026579824
2008-02-22,117.4,141.9398444863955
2008-02-29,117.0,144.02610552749002
2008-03-07,116.91,144.05509630197668
2008-03-14,116.35,142.32848737721707
2008-03-21,116.59,144.72025902092093
2008-03-28,116.99,145.3257447059697
2008-04-04,117.47,156.32750422793703
2008-04-11,117.3,145.06652527199344
2008-04-18,117.65,148.19091024704426
2008-04-25,117.7,149.57256418124925
2008-05-02,117.76,149.21510855472206
2008-05-09,117.85,151.98208938720478
2008-05-16,117.82,150.45915278600768
2008-05-23,117.75,153.4406819325253
2008-05-30,117.8,151.50995633353557
2008-06-06,117.75,153.98368999040758
2008-06-13,117.8,155.85767351473618
2008-06-20,117.74,151.94424695986459
2008-06-27,117.74,160.06890303040723
2008-07-04,117.65,158.36021829486046
2008-07-11,117.71,161.00134795439715
2008-07-18,117.7,160.9997574716698
2008-07-25,117.75,164.15458144680323
2008-08-01,117.74,164.73080103141103
2008-08-08,117.71,168.35213097004188
2008-08-15,117.72,168.92580906141134
2008-08-22,117.7,169.8933341633075
2008-08-29,117.5,168.1518214185694
2008-09-05,117.64,170.58082334191687
2008-09-12,117.57,172.52195623519748
2008-09-19,117.69,175.07895705400477
2008-09-26,117.59,177.57331279946283
2008-10-03,117.51,177.12688370777977
2008-10-10,117.72,177.80067091769524
2008-10-17,117.84,181.29490420492516
2008-10-24,117.9,180.6342207470832
2008-10-31,117.68,183.84144818169383
2008-11-07,117.7,185.19053607448282
2008-11-14,117.82,187.4235527035081
2008-11-21,117.78,188.03940549989974
2008-11-28,119.1,183.5670804143515
2008-12-05,125.0,188.7082476354455
2008-12-12,135.0,269.4139990042709
2008-12-19,132.55,210.14859055879145
2008-12-26,136.25,236.83847686063422
2009-01-02,137.75,178.17345943748353
2009-01-09,146.1,111.38120905963999
2009-01-16,147.75,165.5955056349685
2009-01-23,150.0,169.17451215238123
2009-01-30,148.5,162.8641982205391
2009-02-06,147.65,176.09470422841738
2009-02-13,148.05,174.6964420657813
2009-02-20,146.5,171.4731630095422
2009-02-27,147.0,171.90912234926847
2009-03-06,147.55,188.06616082822126
2009-03-13,147.5,176.30464186935973
2009-03-20,147.5,180.70966283247122
2009-03-27,147.0,170.185848793151
2009-04-03,147.55,181.04009168237468
2009-04-10,147.25,180.05535247008217
2009-04-24,147.0,175.85130277890278
2009-05-01,147.5,177.13827844879768
2009-05-08,147.25,184.81956990922905
2009-05-15,147.25,186.5061676818441
2009-05-22,147.0,191.2136222155164
2009-05-29,147.5,193.90347541050022
2009-06-05,147.0,200.84498179444893
2009-06-12,147.0,190.5261929560367
2009-06-19,148.0,194.55348801854853
2009-06-26,146.5,196.99868627126335
2009-07-03,147.84,204.40534202363253
2009-07-10,147.0,204.18915926799545
2009-07-17,148.7,211.77019413261743
2009-07-24,150.69,216.2560867677998
2009-07-31,156.7,214.90496900247356
2009-08-07,153.8,226.8522882503103
2009-08-14,156.0,207.89956806571223
2009-08-28,154.0,215.75935328490658
2009-09-04,154.0,229.71980049681684
2009-09-11,153.95,222.47705231664855
2009-09-18,153.75,220.26869654754947
2009-09-25,150.4,215.4213036243618
2009-10-02,146.1,211.619476624075
2009-10-09,149.45,225.75352903558166
2009-10-16,151.65,233.7706777484607
2009-10-23,149.5,231.8704888577466
2009-10-30,150.85,226.28783194113436
2009-11-06,151.15,244.71267591219748
2009-11-13,151.7,235.49182740026856
2009-11-20,149.7,236.8927177761095
2009-11-27,149.9,243.78067877235245
2009-12-04,150.5,237.17409977334177
2009-12-11,149.9,246.7853605003702
2009-12-18,149.25,243.63491445827827
2009-12-25,148.75,244.59954619857012
2010-01-01,149.45,200.45974339545182
2010-01-08,149.9,206.08002419873023
2010-01-15,151.1,210.1481070858435
2010-01-22,150.0,208.3573367952966
2010-01-29,150.88,194.20456365044274
2010-02-05,151.46,203.97872969949742
2010-02-12,151.0,208.84801114622383
2010-02-19,150.6,194.71017264979633
2010-02-26,150.3,210.13051339736015
2010-03-05,150.45,210.08723791145405
2010-03-12,150.3,223.8736040264539
2010-03-19,149.45,204.51513061972167
2010-03-26,149.0,220.23289322905498
2010-04-02,149.7,212.68754778829035
2010-04-09,150.4,215.81740825309163
2010-04-16,150.0,211.2314058983768
2010-04-23,150.0,212.93935023429333
2010-04-30,150.5,215.04079665382736
2010-05-07,150.69,215.1960323458743
2010-05-14,151.12,210.5102772071634
2010-05-21,151.5,218.76514314805567
2010-05-28,151.5,217.3470073969461
2010-06-04,150.75,226.47357271479697
2010-06-11,150.8,230.15634863202183
2010-06-18,151.25,220.59178907230208
2010-06-25,150.82,227.441446004965
2010-07-02,149.7,225.80069449498245
2010-07-09,150.55,234.27366856287472
2010-07-16,150.1,228.09600601015228
2010-07-23,150.0,230.990548222765
2010-07-30,150.1,234.37316434495398
2010-08-06,149.75,234.8361560951118
2010-08-13,150.0,237.168959637404
2010-08-20,150.44,239.63709021840907
2010-08-27,151.25,243.31556537237697
2010-09-03,150.25,240.1886731506369
2010-09-10,151.4,242.9825894940916
2010-09-17,151.9,245.45186494063267
2010-09-24,153.2,245.60283250357878
2010-10-01,154.5,246.57735116554076
2010-10-08,150.75,243.98791574089535
2010-10-15,152.17,252.3476800492392
2010-10-22,151.25,256.7227927219642
2010-10-29,150.75,251.26483930414975
2010-11-05,150.58,255.70699225136852
2010-11-12,150.5,263.86909558028
2010-11-19,150.29,265.0833894140161
2010-11-26,150.7,269.30318369049314
2010-12-03,151.15,270.1452226274571
2010-12-10,151.78,265.13727076434674
2010-12-17,154.5,264.9097950547863
2010-12-24,153.73,271.81846820585986
2010-12-31,151.95,270.7689638487569
2011-01-07,152.2,231.85145907786472
2011-01-14,153.2,228.4988953746419
2011-01-21,152.25,231.22263215633592
2011-01-28,152.06,234.8498241168326
2011-02-04,152.3,237.29676967762532
2011-02-11,152.4,240.325576823061
2011-02-18,153.73,241.85512007674836
2011-02-25,153.02,237.36461814187123
2011-03-04,154.2,241.5329927847489
2011-03-11,154.8,244.12957201168857
2011-03-18,155.55,241.9487555056649
2011-03-25,155.35,243.1229302400568
2011-04-01,153.9,236.19720781081165
2011-04-08,154.3,246.02505639450328
2011-04-15,154.75,247.83340131414064
2011-04-22,154.58,250.3150911654768
2011-04-29,154.5,245.29610224321812
2011-05-06,154.95,255.70491096826112
2011-05-13,155.7,257.5851256191005
2011-05-20,156.6,251.14903288051943
2011-06-03,155.1,245.99164187834077
2011-06-10,155.4,260.2522685580749
2011-06-17,156.5,254.82800942691938
2011-06-24,155.85,253.88391163282668
2011-07-01,151.05,260.0880336100364
2011-07-08,152.42,271.1091361382878
2011-07-15,152.3,274.8165209734899
2011-07-22,152.0,273.9186228528402
2011-07-29,152.7,278.06005259129995
2011-08-05,153.3,283.4847062126942
2011-08-12,153.55,286.641420135227
2011-08-19,153.5,285.9474452795854
2011-08-26,154.6,284.71681337213045
2011-09-02,154.63,278.78542225992
2011-09-09,154.6,281.64230677203454
2011-09-16,156.1,284.21482268794585
2011-09-23,156.52,281.18878187630185
2011-09-30,159.85,288.82027442557364
2011-10-07,160.1,276.6718325136361
2011-10-14,160.35,285.61527831151557
2011-10-21,158.9,274.28882259140255
2011-10-28,159.6,279.90187897952694
2011-11-04,157.1,285.85406479825843
2011-11-11,158.5,287.481708228052
2011-11-18,158.5,288.8401127933261
2011-11-25,159.5,289.01701119869864
2011-12-02,161.4,294.3903952886527
2011-12-09,161.7,301.99638661182365
2011-12-16,161.5,294.3962442753816
2011-12-23,164.88,297.9841632123304
2011-12-30,162.2,299.523790885531
2012-01-06,160.0,259.90373346541
2012-01-13,163.0,265.7548636154293
2012-01-20,160.85,267.59435333771773
2012-01-27,160.9,265.46614968311417
2012-02-03,159.95,278.4578447409742
2012-02-10,158.6,270.5758971473522
2012-02-17,158.0,284.29976843442256
2012-02-24,157.25,278.8665170607946
2012-03-02,157.4,283.95322255293684
2012-03-09,157.1,287.12531614750185
2012-03-16,157.6,289.197133894277
2012-03-23,157.65,287.8416172973492
2012-03-30,157.75,286.7766507383956
2012-04-06,157.55,287.5597052594969
2012-04-13,157.35,279.020578159739
2012-04-20,157.15,289.31004360524304
2012-04-27,157.55,282.6584235943511
2012-05-04,157.0,283.377211360794
2012-05-11,157.7,296.22089558298774
2012-05-18,158.75,289.1013132468215
2012-05-25,159.56,294.258140381006
2012-06-01,160.35,285.2964662797074
2012-06-08,162.75,290.2201322566858
2012-06-15,163.25,287.3512657214195
2012-06-22,162.81,289.70668332071307
2012-06-29,162.5,283.5123532577138
2012-07-06,160.65,297.174043329837
2012-07-13,162.15,295.86260888282425
2012-07-20,161.1,299.00990694931073
2012-07-27,160.8,299.07258411754776
2012-08-03,161.75,306.7709001924018
2012-08-10,158.12,302.1640738635235
2012-08-17,157.6,308.6390804017767
2012-08-24,157.95,312.92272066658666
2012-08-31,157.9,302.822460496474
2012-09-07,157.4,315.5188352703698
2012-09-14,157.3,315.33501170756074
2012-09-21,157.5,318.8281464787424
2012-09-28,157.1,317.6817777056964
2012-10-05,156.95,320.40415223225017
2012-10-12,157.15,318.5341124010959
2012-10-19,157.3,319.41376037819884
2012-10-26,157.2,323.9384015739617
2012-11-02,156.75,322.22404108490053
2012-11-09,157.3,322.74488350207963
2012-11-16,158.45,319.135368602264
2012-11-23,157.4,322.4403304399743
2012-11-30,157.3,325.77384453620306
2012-12-07,156.9,325.26070616764304
2012-12-14,157.55,321.51901117800816
2012-12-21,157.0,327.3355373838832
2012-12-28,156.1,326.4889222174005
2013-01-04,156.6,296.5911569539309
2013-01-11,156.21,297.8669290673688
2013-01-18,157.0,298.75281396442506
2013-01-25,156.9,299.4710541095317
2013-02-01,157.23,298.07428834858547
2013-02-08,157.2,300.01354244532246
2013-02-15,157.26,298.19691136801987
2013-02-22,157.4,303.06619601686305
2013-03-01,158.0,297.29775109513776
2013-03-08,157.7,304.99891336188443
2013-03-15,158.5,303.07471960616226
2013-03-22,158.15,299.00262361518975
2013-03-29,158.45,304.23554738551695
2013-04-05,157.4,297.6199200097791
2013-04-12,157.8,310.0843989559734
2013-04-19,158.58,309.5426314883579
2013-04-26,158.6,310.4784405125957
2013-05-03,157.9,311.90930786994267
2013-05-10,157.6,316.80454945151905
2013-05-17,158.3,312.616752553717
2013-05-24,157.9,316.9888762240408
2013-05-31,158.1,317.5619300076437
2013-06-07,159.6,323.1094050549435
2013-06-14,162.5,347.6600228925361
2013-06-21,159.95,326.46761796536543
2013-06-28,162.48,328.0376713387155
2013-07-05,161.4,329.6573269556544
2013-07-12,161.4,331.48215631480764
2013-07-19,161.2,328.94341134666763
2013-07-26,160.7,338.48141810845726
2013-08-02,160.09,333.55033349250203
2013-08-09,160.03,343.7182570217814
2013-08-16,161.4,342.85580346584953
2013-08-23,161.3,340.6823661849064
2013-08-30,162.1,342.49702712219465
2013-09-06,163.3,345.30807164249364
2013-09-13,161.85,344.29784010020137
2013-09-20,161.03,343.716476429893
2013-09-27,159.85,342.8788465380444
2013-10-04,160.2,345.49936978888803
2013-10-11,160.0,350.39679360908116
2013-10-18,159.85,347.76482198417546
2013-10-25,158.55,353.5149536228379
2013-11-01,158.68,354.3269533029664
2013-11-08,158.3,358.91775239984855
2013-11-15,158.6,352.49447243670056
2013-11-22,158.56,357.3551639235647
2013-11-29,158.35,358.94187454742723
2013-12-06,158.2,361.78181586057605
2013-12-13,158.8,361.2136765528083
2013-12-20,158.85,360.88085733250057
2013-12-27,160.4,357.8671453305951
2014-01-03,158.67,325.0391569148304
2014-01-10,159.4,325.4795657437041
2014-01-17,160.02,330.25467775409373
2014-01-24,160.3,331.7867317430477
2014-01-31,162.61,326.22972019843627
2014-02-07,163.32,347.47023974122396
2014-02-14,162.4,326.5761661423229
2014-02-21,165.55,340.64342975790504
2014-02-28,164.89,336.2246095645295
2014-03-07,164.67,330.640166107354
2014-03-14,164.6,334.5854105871898
2014-03-21,164.82,339.26890506260713
2014-03-28,164.95,341.7812763607388
2014-04-04,163.95,342.6112711645189
2014-04-11,160.9,349.2946973809531
2014-04-18,162.22,348.2352353611164
2014-04-25,160.79,352.471199327003
2014-05-02,159.8,352.4674565056555
2014-05-09,161.15,350.6335631171879
2014-05-16,162.3,361.84605215764526
2014-05-23,162.3,351.56248658938233
2014-05-30,162.69,363.4335281834063
2014-06-06,162.9,361.4957723285226
2014-06-20,162.77,363.1044340226802
2014-06-27,162.83,363.22421288764036
2014-07-04,162.6,362.56627750406716
2014-07-11,162.28,363.8027870690436
2014-07-18,161.9,362.5588353717283
2014-07-25,161.95,367.77246901536375
2014-08-01,161.35,365.30920163872287
2014-08-08,162.7,363.9592516956623
2014-08-15,162.0,366.57410289782086
2014-08-22,161.85,370.0182330829222
2014-08-29,162.21,364.4433309344447
2014-09-05,162.3,372.0615096605739
2014-09-12,162.93,378.53154938112357
2014-09-19,163.4,375.5532155875245
2014-09-26,163.5,375.86068290954864
2014-10-03,164.2,380.928056779644
2014-10-10,164.6,375.8902600883091
2014-10-17,165.25,379.8745802344902
2014-10-24,164.62,373.1925656009871
2014-10-31,165.55,379.5056855603907
2014-11-14,170.9,390.9266894566398
2014-11-21,177.0,383.35341456626315
2014-11-28,178.5,388.40308041389517
2014-12-05,179.2,382.87956388465005
2014-12-12,179.7,394.85008800770095
2014-12-19,184.45,390.46940453642117
2014-12-26,181.9,388.19520550758483
2015-01-02,183.4,352.00901191070693
2015-01-09,183.0,358.5222463147157
2015-01-16,184.9,365.5830369288657
2015-01-23,189.0,357.91468099374947
2015-01-30,187.5,361.11214970528397
2015-02-06,193.8,359.5658872737508
2015-02-13,203.5,361.7340905418132
2015-02-20,198.9,367.85629146916904
2015-02-27,202.5,361.6205167599967
2015-03-06,198.9,370.69309947126317
2015-03-13,199.0,367.0776999077233
2015-03-20,199.0,379.9855895373256
2015-03-27,199.0,388.4180951441497
2015-04-17,198.95,400.6301056705784
2015-04-24,199.0,397.5056721638358
2015-05-01,198.0,394.6360534914848
2015-05-08,199.0,398.77697817431886
2015-06-05,198.9,382.17154739062687
2015-06-12,198.8,394.95885993250454
2015-06-19,198.9,383.99804364991166
2015-06-26,198.93,403.13525158631967
2015-07-03,198.9,399.27127900241084
2015-07-10,198.83,403.9919799856636
2015-07-17,198.93,407.53047332069633
2015-07-24,198.86,394.43492257232083
2015-07-31,198.95,407.56382843025114
2015-08-07,198.94,398.9001393134429
2015-08-14,198.88,401.1562985748336
2015-08-21,198.98,394.07748579510087
2015-08-28,199.0,398.62538813673444
2015-09-04,198.85,404.1865693317941
2015-09-11,198.98,400.7957138875933
2015-09-18,198.93,418.01534399300334
2015-09-25,198.98,413.9445485499909
2015-10-02,198.95,408.1757848742532
2015-10-09,199.18,427.77316998708625
2015-10-16,199.05,392.7158991825145
2015-10-23,198.92,413.1616098364875
2015-10-30,198.96,404.11410887019167
2015-11-06,198.87,411.59392499131144
2015-11-13,198.85,412.2733445503817
2015-11-20,198.9,413.20147490345266
2015-11-27,199.0,414.8199332875728
2015-12-04,198.0,413.4652149658755
2015-12-11,199.0,414.8750968778327
2015-12-18,198.78,422.44828968858826
2015-12-25,199.0,419.1526120055309
2016-01-08,199.3,390.5109468770144
2016-01-15,198.6,388.8668708635061
2016-01-22,198.8,391.50264373804197
2016-01-29,198.8,392.3088750655285
2016-02-05,198.6,393.75530276447944
2016-02-12,198.8,394.7795826890216
2016-02-19,198.6,398.0246248694082
2016-02-26,198.8,397.36944935533353
2016-03-04,199.03,400.92905896628423
2016-03-11,198.6,398.6062916444644
2016-03-18,198.8,400.9278917530818
2016-03-25,198.8,402.1471001916772
2016-04-01,198.94,403.4037285479998
2016-04-08,198.9,404.18193738217803
2016-04-15,198.6,404.69047956444155
2016-04-22,198.79,406.32171963260714
2016-04-29,198.8,407.69462754662777
2016-05-06,198.6,410.2873048171338
2016-05-13,199.0,409.9439687842022
2016-05-20,198.8,413.774356631493
2016-06-10,199.0,416.6980425433591
2016-06-17,198.6,409.36983477592213
2016-06-24,281.22,350.75736520057694
2016-07-01,281.72,560.1044513729338
2016-07-08,282.22,503.7249366569975
2016-07-15,283.97,551.8373844621815
2016-07-22,305.0,551.2579819772844
2016-07-29,318.0,547.1957978479657
2016-08-05,316.5,543.0215121714363
2016-08-12,311.0,520.935109696158
2016-08-19,340.0,553.6986973213598
2016-08-26,310.5,469.35564181806524
2016-09-02,315.0,516.4661239059774
2016-09-16,305.0,532.7858263643102
2016-09-23,323.4,437.86972701781144
2016-09-30,304.5,509.2862779620075
2016-10-07,304.0,469.4082548655576
2016-10-14,304.0,501.18208555235594
2016-10-21,304.25,558.4835278463931
2016-10-28,304.5,537.2146034418008
2016-11-04,304.2,567.5911143439234
2016-11-11,304.0,568.5298099214721
2016-11-18,304.5,551.7900222664098
2016-11-25,304.0,558.6161103912981
2016-12-09,304.5,490.1165544027625
2016-12-23,304.25,480.66375745777964
2016-12-30,304.2,474.41653483394344
2017-01-06,304.0,418.91629713335493
2017-01-13,304.0,434.3015120915682
2017-01-20,304.48,453.7212292821238
2017-01-27,304.2,420.82411284703403
2017-02-03,304.25,545.4837863947364
2017-02-10,304.0,452.8624706266129
2017-02-17,304.5,536.433295163822
2017-02-24,304.48,435.5688307373753
2017-03-03,304.2,462.92282571871726
2017-03-10,304.77,444.81412101216165
2017-03-17,305.7,487.18741775790517
2017-03-24,307.0,432.58738131557084
2017-03-31,305.35,477.76680768858625
2017-04-07,305.15,384.01731912217366
2017-04-14,305.1,496.80204485968534
2017-04-21,305.05,391.67377463870605
2017-04-28,304.74,434.5493413517567
2017-05-05,314.68,484.7424467964243
2017-05-12,304.55,386.4308713744867
2017-05-19,304.45,493.5011035807825
2017-05-26,304.45,445.92769101610713
2017-06-02,304.4,472.83414345403656
2017-06-09,304.58,468.61588826786567
2017-06-16,304.7,499.0183715726049
2017-06-23,304.8,491.6414760433795
2017-06-30,304.88,502.3984977484308
2017-07-07,323.68,442.51601916738184
2017-07-14,304.98,513.5975674366414
2017-07-21,304.78,495.4004722975361
2017-07-28,304.68,529.1629539342255
2017-08-04,307.0,508.0761015660597
2017-08-11,314.5,530.2951007562763
2017-08-18,305.2,506.05152604704864
2017-08-25,305.25,523.6960313523623
2017-09-01,305.0,569.0495960304739
2017-09-08,305.95,535.3314376166604
2017-09-15,325.0,467.0292935694928
2017-09-22,306.0,476.807330601397
2017-09-29,305.75,540.9236668275919
2017-10-06,314.5,556.1244046458853
2017-10-13,305.15,508.6079972387159
2017-10-27,305.25,568.6928266909496
2017-11-03,305.4,568.3060599528621
2017-11-10,314.5,569.6181325237077
2017-11-17,305.45,578.0405667668228
2017-11-24,306.0,527.508215062846
2017-12-01,305.5,548.4084930297578
2017-12-08,306.4,568.8326849605018
2017-12-15,314.5,555.9188359898857
2017-12-22,306.0,510.7192164673507
2017-12-29,306.35,548.6340735718254
2018-01-05,305.45,463.9400481253572
2018-01-12,305.3,513.1167949298585
2018-01-19,305.2,475.97068614326366
2018-01-26,315.0,496.10341133077816
2018-02-02,305.25,506.78847746538503
2018-02-09,305.35,489.2263329213273
2018-02-16,305.45,538.2397936899858
2018-03-02,305.35,516.8519688989293
2018-03-09,305.3,517.7230415475639
2018-03-16,305.8,492.86025785748734
2018-03-23,305.2,530.7679895994524
2018-03-30,305.15,497.177733925556
2018-04-06,305.1,496.4468155693725
2018-04-13,305.05,481.9877291568545
2018-04-20,305.1,503.1127274078287
2018-04-27,305.15,517.4570704154828
2018-05-04,305.2,462.06201906311935
2018-05-11,305.75,491.9437519208808
2018-05-18,305.35,458.06589144385686
2018-05-25,305.4,471.5194290680995
2018-06-01,305.5,494.56816218401866
2018-06-08,305.45,472.506451768196
2018-06-15,315.0,494.0420281069596
2018-06-22,314.5,510.4204868999017
2018-06-29,305.25,460.614046072164
2018-07-06,314.5,514.0496898812933
2018-07-13,304.78,470.86824718660097
2018-07-20,304.85,520.9735903765566
2018-07-27,304.88,529.2941382436252
2018-08-03,304.92,521.8025597963873
2018-08-10,305.0,546.6479358873443
2018-08-17,305.1,546.8820586826228
2018-08-31,305.15,547.1198119516743
2018-09-07,305.18,564.0286129096348
2018-09-14,305.22,516.0457832612934
2018-09-21,305.28,545.2808365028046
2018-09-28,306.35,513.6582410461347
2018-10-05,305.35,508.2847786171001
2018-10-12,304.4,518.4204148585961
2018-10-19,305.48,512.963284827377
2018-10-26,305.5,507.1260449081316
2018-11-02,305.55,518.1548644758014
2018-11-09,305.6,513.0742252527774
2018-11-16,305.7,513.0743839693448
2018-11-23,305.7,516.3067468909526
2018-11-30,305.78,517.2678138564963
2018-12-07,305.8,526.6422799454775
2018-12-14,305.88,518.5722251702298
2018-12-21,305.95,512.212114102448
2018-12-28,307.0,527.5818637623198
2019-01-04,306.9,476.06920203473726
2019-01-11,306.88,482.9015513282568
2019-01-18,306.8,483.65658488630186
2019-01-25,306.78,502.07254410525036
2019-02-01,306.7,486.88533233005046
2019-02-08,305.7,486.9056506024399
2019-02-15,305.75,504.64034824083865
2019-02-22,305.8,463.3759574635175
2019-03-08,305.9,479.83862869729285
2019-03-15,305.95,498.9125356824097
2019-03-22,305.9,501.38944745864035
2019-03-29,305.9,499.8414961576381
2019-04-05,306.0,502.02412628472314
2019-04-12,306.0,502.6701319488609
2019-04-19,305.95,502.63583697844865
2019-04-26,305.88,505.26471506014366
2019-05-03,305.95,507.0736717800195
2019-05-10,306.0,508.1280349270078
2019-05-17,305.95,505.4913817134871
2019-05-24,305.9,509.0062789334227
2019-06-07,305.95,509.62087173872027
2019-06-14,306.0,514.1072426908166
2019-06-21,305.92,514.0081925058971
2019-06-28,305.9,514.5107369620805
2019-07-05,305.95,516.537677195493
2019-07-12,306.0,518.0504908522037
2019-07-19,305.95,518.7724199159686
2019-07-26,305.88,519.933091600501
2019-08-02,305.88,521.3171374465378
2019-08-09,305.9,525.1114788270481
2019-08-16,305.9,524.250450497969
2019-08-30,306.0,526.2005615946955
2019-09-06,305.9,528.9167833953265
2019-09-13,305.85,529.3876912303879
2019-09-20,305.9,529.2394633837773
2019-10-04,306.0,532.265451122855
2019-10-11,305.95,535.5930734813866
2019-10-18,305.9,536.1152709611767
2019-10-25,306.95,533.4066761920149
2019-11-01,306.0,544.4001896410145
2019-11-08,306.9,545.9115239102538
2019-11-15,306.95,544.9207352142951
2019-11-22,305.9,542.4241880689467
2019-11-29,306.0,545.9861302200925
2019-12-06,305.95,551.2087107128582
2019-12-13,305.95,550.0883599471227
2019-12-20,305.9,552.6412170421884
2019-12-27,306.0,555.3656202531829
2020-01-10,305.9,519.630782245078
2020-01-17,305.88,521.2626478948733
2020-01-24,305.95,519.2703168091607
2020-01-31,306.0,521.3367274319154
2020-02-07,305.95,521.7590501944518
2020-02-14,305.9,522.9343651702069
2020-02-21,306.0,524.0092090096687
2020-02-28,305.9,522.7203439187781
2020-03-06,306.0,525.9494908631332
2020-03-27,360.0,275.4488054737704
2020-04-17,360.0,621.2071432858165
2020-07-10,380.5,531.6493102272765
2020-07-17,380.0,528.9611206305885
2020-07-24,380.5,573.2904667967618
2020-08-07,380.75,588.034162132041
2020-08-14,379.0,585.6642288353627
2020-08-21,381.0,601.8698166598457
2020-08-28,380.7,590.0029550465476
2020-09-18,380.6,642.818332367105
2020-10-23,380.7,560.0111274430358
2021-02-12,380.65,554.808359166458
2021-02-19,380.6,585.2860834786725
2021-02-26,380.58,554.6320384862524
2021-03-05,380.55,592.892655385645
2021-05-07,380.59,569.9162137638973
2021-05-14,410.0,573.7086466256974
2021-05-21,410.2,621.7727718324986
2021-05-28,410.5,602.3194491056959
2021-06-04,410.05,623.9005712273488
2021-06-11,410.09,623.5416931822072
2021-06-18,410.0,626.2029502281277
2021-06-25,411.0,642.3335574529146
2021-08-20,411.2,591.9016204231941
2021-08-27,411.0,571.8550676983452
2021-09-03,411.02,564.9736676832704
2021-09-10,410.93,594.1177194602385
2021-09-17,411.0,596.2310759329737
2021-10-01,409.77,596.876845070514
2021-10-08,409.81,600.604424981232
2021-10-15,409.91,602.3776750555082
2021-10-29,410.06,604.0604725957118
2021-11-05,410.27,636.3654149646709
2021-11-12,410.39,610.6100684655119
2021-11-19,410.59,611.5040835421491
2021-11-26,409.64,607.3077646297647
2021-12-03,409.73,612.5753645888858
2021-12-10,409.72,614.5398148038298
2021-12-17,409.91,616.7580099122565
2021-12-24,410.93,661.2987372017645
2021-12-31,411.7,625.587671423973
2022-01-07,412.96,630.7064419423623
2022-01-14,413.79,585.6290271975486
2022-01-21,414.45,587.9945517393365
2022-01-28,415.16,570.2621173562532
2022-02-04,415.7,586.956089821659
2022-02-11,416.51,585.2021154419907
2022-02-18,415.37,585.6917765221181
2022-02-25,415.39,586.3071920116837
2022-03-04,415.41,589.6429940824669
2022-03-11,415.34,590.6894380032695
2022-03-18,415.42,592.0480272724778
2022-03-25,415.25,594.8909460135372
2022-04-01,415.22,598.1421006341293
2022-04-08,415.15,598.9701198237987
2022-04-15,414.02,588.8409723303645
2022-04-22,415.08,613.4053017381852
2022-04-29,414.76,602.2168234525482
2022-05-06,414.69,604.336721848404
2022-05-13,414.76,604.2498508391271
2022-05-20,414.62,608.8836237146833
2022-05-27,414.72,606.7278995647857
2022-06-03,414.62,613.0970086347152
2022-06-10,414.63,614.7617696575024
2022-06-17,414.87,614.5881139279006
2022-06-24,414.49,615.9834506952463
2022-07-01,414.77,616.6435379279364
2022-07-08,414.83,616.612508181796
2022-07-15,414.9,618.8936742287608
2022-07-22,414.22,617.0814801311387
2022-07-29,415.37,639.6802753367009
2022-08-05,417.07,622.6165073178474
2022-08-12,418.72,622.0159862824996
2022-08-19,419.83,629.630387468271
2022-08-26,421.7,635.303281513822
2022-09-02,422.92,635.3929329693847
2022-09-09,426.76,628.0098658231989
2022-09-16,428.38,635.7556128153822
2022-09-23,430.05,624.622421909892
2022-09-30,431.87,620.9376454921494
2022-10-07,433.22,628.8828274223047
2022-10-14,434.68,624.8984783751887
2022-10-21,436.11,625.7465887205194
2022-10-28,437.5,622.6096491569431
2022-11-04,438.88,627.0258605128406
2022-11-11,440.46,624.6932447967824
2022-11-18,442.16,622.1848291405572
2022-11-25,442.76,622.1393846452295
2022-12-02,443.67,630.3775067157746
2022-12-09,444.47,625.2697395148816
2022-12-16,444.97,631.8992563323161
2022-12-23,446.13,631.416671119533
2022-12-30,447.58,633.0323484531965
2023-01-06,449.55,592.8890675052137
2023-01-13,452.09,600.4818031598568
2023-01-20,454.56,606.4414595094672
2023-01-27,459.78,611.3771422395365
2023-02-03,460.04,612.2649384148151
2023-02-10,458.99,610.5829893897223
2023-02-17,460.04,613.6790298056754
2023-02-24,459.94,615.1799187085761
2023-03-03,459.96,618.2556285860348
2023-03-10,460.02,624.9363675253112
2023-03-17,459.94,629.2450904624629
2023-03-24,459.98,636.4983733825379
2023-03-31,459.84,636.4778205769749
2023-04-07,459.83,638.8711113850804
2023-04-14,459.93,635.5346871834427
2023-04-21,460.03,644.7715913728576
2023-04-28,459.97,633.3012616577648
2023-05-05,459.87,642.7733103938776
2023-05-12,460.03,639.0985772748247
2023-05-19,460.34,636.2596650913936
2023-05-26,460.3,644.818444196665
2023-06-02,460.92,645.7996130683401
2023-06-09,461.9,649.6292832050274
2023-06-16,655.0,564.2748125927795
2023-06-23,760.0,744.4967932488405
2023-06-30,758.77,878.7098362309005
2023-07-07,768.0,929.6912284879179
2023-07-14,775.0,936.483397367432
2023-07-21,774.5,859.7353525656101
2023-07-28,774.28,916.6735620528634
2023-08-04,765.95,925.8749863838993
2023-08-11,767.77,966.0752455757236
2023-08-18,744.93,967.8188494147837
2023-08-25,770.84,927.6863768977712
2023-09-01,756.52,889.8195730381838
2023-09-08,789.0,845.4768357855107
2023-09-15,767.74,722.7728865284603
2023-09-22,767.43,716.9776093254861
2023-09-29,768.0,648.4018326491769
2023-10-06,771.54,540.8023299457092
2023-10-13,769.51,667.9297446774616
2023-10-20,859.23,766.6225390304544
2023-10-27,790.0,820.1701491968813
2023-11-03,806.27,923.1524688930851
2023-11-10,802.0,937.048525861516
2023-11-17,839.54,980.2010074301863
2023-11-24,804.0,722.3349965994987
2023-12-01,788.0,1028.735236963144
2023-12-08,790.0,1136.6918562016642
2023-12-15,789.0,1134.835249662748
2023-12-22,905.39,893.9415999991882
2023-12-29,881.03,1004.6877217153174
2024-01-05,913.0,871.1327535622313
2024-01-12,957.0,1046.5256052424743
2024-01-19,890.04,919.2089094834687
2024-01-26,898.2,1156.6377557135836
2024-02-02,1413.12,1277.085134585708
2024-02-09,1473.62,1631.7621959478743
2024-02-16,1492.73,1330.4272103725243
2024-02-23,1488.4,1458.9856345341047
2024-03-01,1545.0,1684.1317590705505
2024-03-08,1593.34,1333.5186240832209
2024-03-15,1609.74,1497.9753801199222
2024-03-22,1447.89,1162.2304199511284
2024-03-29,1303.0,1435.1351058316181
2024-04-05,1244.5,1508.9978760237661
2024-04-12,1150.0,1560.693073821948
2024-04-19,1002.0,1390.3026073254618
2024-04-26,1329.44,1317.542932790568
2024-05-03,1379.0,1632.3858688591263
2024-05-10,1439.8,1820.3279866835644
2024-05-17,1467.0,1576.769101496034
2024-05-24,1474.0,1530.6934150528639
2024-05-31,1484.0,1975.726820953575
2024-06-07,1450.0,1908.2561487036135
2024-06-14,1505.0,1962.9200239786962
2024-06-21,1515.0,1477.0481782856125
2024-06-28,1525.0,1429.8149373030049
2024-07-05,1535.0,1427.9069887639293
2024-07-12,1600.0,1365.1340561609813
2024-07-19,1625.0,1230.6224950647204
2024-07-26,1620.0,1061.9264540687498
2024-08-02,1580.0,1119.467124572663
2024-08-09,1583.03,647.1427377442437
2024-08-16,1590.0,665.5988202232948
2024-08-23,1575.0,794.4889626588015
2024-08-30,1590.0,694.1346779745575
2024-09-06,1605.0,975.9202964725955
2024-09-13,1639.2,1330.3016363212548
2024-09-20,1639.2,838.773566280378
2024-09-27,1668.97,1656.0728245085727
2024-10-04,1620.0,747.3069100348534
2024-10-18,1635.0,1206.212207856678
2024-10-25,1643.26,937.8300412183728
2024-11-08,1661.15,720.6508049522361
2024-11-15,1654.63,551.4215127758271
2024-11-22,1681.39,592.9382200683168
2024-11-29,1670.89,464.8119395085231
2024-12-06,1542.5,1222.7746043786265
2024-12-13,1539.5,789.7139082099816
2024-12-20,1538.07,1739.2752372412908
2024-12-27,1539.0,1070.9097725087747
2025-01-03,1533.5,1116.4852062267173
2025-01-10,1541.67,1296.8105135209341
2025-01-17,1546.71,1157.8260625701876
2025-01-24,1548.0,1345.964087621356
2025-01-31,1480.0,1109.1282343534258
2025-02-07,1496.41,1097.0655417755036
2025-02-14,1509.0,1072.7766013927699
2025-02-21,1499.52,1183.3114327552682
2025-02-28,1498.0,1073.261779077826
2025-03-07,1510.0,1181.9300112846522
2025-03-14,1546.82,911.1179167046744
2025-03-21,1545.0,1074.9091258137366
2025-03-28,1534.73,930.6434975641971
2025-04-04,1529.37,841.2376988824519
2025-04-11,1597.13,911.608520688452
2025-04-18,1600.5,906.8783307342883
2025-04-25,1607.66,890.419877542405
2025-05-02,1603.58,842.3466404067941
2025-05-09,1607.22,903.2442428045836
2025-05-16,1601.68,816.3315736346738
2025-05-23,1588.62,928.6583661188079
2025-05-30,1587.95,589.4631732620915
2025-06-06,1558.16,858.587227995842
2025-06-13,1544.88,856.6927871767161
2025-06-20,1548.61,921.5992865960952
2025-06-27,1542.47,786.134854134106
2025-07-04,1530.2,904.470512914636
2025-07-11,1531.04,806.933827270838
2025-07-18,1531.93,735.5497100661935
2025-07-25,1532.66,733.2899867774513
2025-08-01,1532.97,596.5083239966682
2025-08-08,1532.71,856.5028838030655
2025-08-15,1529.43,820.8641365074891
2025-08-22,1535.55,869.2038779933002
2025-08-29,1536.95,840.9289535250838
2025-09-05,1528.3,843.5791773483572
2025-09-12,1499.59,680.2979018929188
2025-09-19,1492.81,846.7997557890585
2025-09-26,1486.22,766.2836934465206
2025-10-03,1471.17,901.136953180483
2025-10-10,1462.11,844.7615438895996
2025-10-17,1469.4,904.4745856751504
2025-10-24,1461.88,931.513207938699
2025-10-31,1440.23,888.7920411525611
2025-11-07,1436.83,922.4111360415386
2025-11-14,1438.87,858.264057060174
2025-11-21,1454.9,953.0686428656736
2025-11-28,1443.83,859.3834661095696
2025-12-05,1447.44,1002.4136969096273
2025-12-12,1451.53,892.8467504937689
2025-12-19,1454.96,895.082591342906
2025-12-26,1450.73,850.5503647713426
2026-01-02,1445.12,822.6627073132488
2026-01-09,1421.51,793.4432838640407
2026-01-16,1420.21,770.6423514034967
2026-01-23,1420.35,819.9021261056325
2026-01-30,1381.41,747.5627103629889
2026-02-06,1368.51,784.1844597589525
2026-02-13,1365.36,910.7239687566089
